_p_e6.mp4	1367221727.0	
_p_24-MPEG-4.mp4	1367221661.0	
_p_23-MPEG-4.mp4	1367221590.0	
_p_20-MPEG-4.mp4	1367221493.0	
_p_14-MPEG-4.mp4	1367221422.0	
_p_12-MPEG-5.mp4	1367221328.0	
_p_10-MPEG-4.mp4	1367221225.0	
_p_9-MPEG-4.mp4	1367221043.0	
_p_7-MPEG-4.mp4	1367220775.0	
_p_6-MPEG-4.mp4	1367220546.0	
_p_4-MPEG-4.mp4	1367220019.0	
_p_3-MPEG-4.mp4	1367219890.0	
_p_2-MPEG-4.mp4	1367219668.0	
_p_1-MPEG-4.mp4	1367219312.0	
_p_5-MPEG-4.mp4	1367210081.0	
_p_8-MPEG-4.mp4	1367210005.0	
_p_11-MPEG-4.mp4	1367209922.0	
_p_13-MPEG-4.mp4	1367209868.0	
_p_15-MPEG-4.mp4	1367209850.0	
_p_16-MPEG-4.mp4	1367209822.0	
_p_17-MPEG-4.mp4	1367209817.0	
_p_18-MPEG-4.mp4	1367209806.0	
_p_19-MPEG-4.mp4	1367209784.0	
_p_21-MPEG-4.mp4	1367209726.0	
_p_22-MPEG-4.mp4	1367209699.0	
_p_d7.mp4	1367209627.0	
_p_d8.mp4	1367209624.0	
_p_d9.mp4	1367209600.0	
_p_e1.mp4	1367209582.0	
_p_e2.mp4	1367209573.0	
_p_g1.mp4	1367209525.0	
_p_g3.mp4	1367209512.0	
_p_g4.mp4	1367209503.0	
_p_g5.mp4	1367209484.0	
_p_h1.mp4	1367209476.0	
_p_h4.mp4	1367209474.0	
_p_h6.mp4	1367209473.0	
_p_h9.mp4	1367209468.0	
_p_i1.mp4	1367209464.0	
_p_i2.mp4	1367209461.0	
_p_i3.mp4	1367209435.0	
_p_i4.mp4	1367209433.0	
_p_Video-2013_5_10_19_45_15.mp4	1368229536.0	
_p_Video-2013_5_10_19_46_19.mp4	1368229593.0	
_p_Video-2013_5_10_19_48_1.mp4	1368229690.0	
_p_Video-2013_5_10_19_50_48.mp4	1368229912.0	_p_Video-2013_5_10_19_50_48_1.png	
